,artist,member_num,gender,idol_id,agency_old,agency_new,artist_m,debut_y,debut_t,fan
0,서태지와 아이들,3,남,100161,,요요기획,"서태지, 양현석, 이주노",1992.0,난 알아요,4893
1,더 블루,2,남,180144,,SM,"손지창, 김민종",1992.0,너만을 느끼며,474
2,잼,5,혼,225786,,DSP미디어,,,,19
3,에스오에스,4,여,101645,,삼포니레코드,,,,39
4,솔리드,3,남,100037,,비앤비,"이준, 정재윤, 김조한",1993.0,이젠 나를 (Give Me A Chance),1772
5,듀스,2,남,100977,,예당음향(예당컴퍼니),"이현도, 김성재",1993.0,나를 돌아봐,2125
6,노이즈,4,남,100025,,라인기획,,1992.0,너에게 원한건,367
7,잉크,7,남,101847,,,,,,9
8,룰라,4,혼,106610,,서울인프로덕션,"이상민, 고영욱, 김지현, 채리나",1994.0,100일(日)째 만남,1415
9,쿨,3 (4),혼,100004,,쿨컴퍼니,"이재훈 (쿨), 김성수, 유리",1994.0,너이길 원했던 이유,12606
10,제트,3,남,108871,,,,2003.0,Are You Gonna Be My Girl,852
11,터보,3 (2),남,100059,,더터보컴퍼니,"김종국, 마이키, 김정남",1995.0,나 어릴 적 꿈,9394
12,알이에프,3,남,100015,,팀,"이성욱, 성대현",1995.0,고요속의 외침,612
13,스머프,5,혼,247880,,,,,,4
14,에이치오티,5,남,100008,,SM,"토니 안, 문희준, 강타 (KANGTA), 장우혁, 이재원",1996.0,전사의 후예 (폭력시대),15892
15,언타이틀,2,남,100042,,예당음향(예당컴퍼니),"유건형, 서정환",1996.0,,478
16,하모하모,2,남,100178,,뮤직팩토리,"이성진, 천명훈",1996.0,,94
17,아이돌,2,남,101640,,DSP미디어,,1996.0,,144
18,구피,3,남,100023,,,"신동욱, 박성호 (구피)",1996.0,많이많이,381
19,태사자,4,남,100096,,매스컴,,1997.0,,397
20,엔알지,3 (5),남,100010,,뮤직팩토리,"천명훈, 노유민, 이성진",1997.0,할 수 있어,1054
21,오피피에이,8,남,100013,,베토벤뮤직,,1998.0,,246
22,티앤비,5,남,101868,,,,1997.0,,35
23,젝스키스,6,남,100052,DSP미디어,YG,"은지원, 이재진, 김재덕, 강성훈, 장수원",1997.0,학원별곡 (學園別曲),48343
24,쎄쎄쎄,3,여,101710,,희레코드,,1996.0,,78
25,베이비복스,5,여,216382,,DR뮤직,황연경,2007.0,Shee,254
26,에스이에스,3,여,100016,,SM,"유진, 바다, 슈",1997.0,(`Cause) I`m Your Girl,11365
27,원타임,4,남,100001,,YG,"송백경, 태빈, TEDDY",1998.0,1tym,2236
28,신화,6,남,100078,SM,신화컴퍼니,"앤디, 에릭, 전진, 신혜성, M (이민우), 김동완",1998.0,해결사,42626
29,이글 파이브,5,남,100051,,,,1998.0,궤도,117
30,오피피에이 공공칠,5,남,101508,,베토벤뮤직,,1998.0,,66
31,팬클럽,6,남,102213,,,비,1998.0,,99
32,써클,5,여,100036,,조선음향,,1998.0,,155
33,쿠키,3,여,777429,,드림,,1998.0,,7
34,핑클,4,여,100065,,DSP미디어,"이효리, 옥주현, 성유리, 이진",1998.0,Blue Rain,3305
35,플라이 투 더 스카이,2,남,100183,SM,H2미디어,"환희, 브라이언",1999.0,Day By Day,35576
36,에이포,4,남,100763,,,,1999.0,,61
37,클릭비,7,남,100070,,DSP미디어,"강후, 오종혁, 김상혁, 우연석, EVAN 에반 (유호석), 하현곤, 노민혁",1999.0,Promise,2281
38,와이투케이,3,남,100021,,조선음향,고재근,1999.0,헤어진 후에,502
39,god,5,남,100007,,iHQ싸이더스),"김태우, 손호영, 데니안, 박준형, 윤계상",1999.0,어머님께,49794
40,문차일드,4,남,100185,,GM기획,이수 (엠씨 더 맥스),2000.0,Delete,1759
41,오투알,5,남,100011,,,김재근,1999.0,,16
42,씨유,3,여,100086,,동아기획,,1999.0,,91
43,폭스,4,여,100077,,OGSOUND,,1999.0,,17
44,클레오,3,여,101397,,호,,1999.0,Good Time,391
45,티티마,5,여,100017,,뮤직팩토리,,1999.0,Prism,165
46,오투포,3,여,100121,,은성기획,,1999.0,,159
47,샤크라,4,여,100068,,키스,"황보, 정려원",2000.0,한 (Come A Come),384
48,에스지,3,여,100952,,,,2000.0,,89
49,파파야,3,여,101398,,윈섬미디어,조은새,2000.0,내 얘길 들어봐,482
50,제이티엘,3,남,101448,,예전미디어,"장우혁, 토니 안, 이재원",2001.0,A Better Day,1751
51,비오케이,4,남,1050192,,,"션리, 리누",2016.0,기분좋은날,253
52,엑스라지,4,남,100779,,상마인드,"제롬, 배동일, 고재형, 최준호, 엄상혁",,,38
53,보이 클럽,3,남,101123,,,,2000.0,,29
54,오션,5,남,101223,,신나라뮤직,"렌, 노아, 마린, 로이",2001.0,More Than Words,723
55,플래티넘,5,남,100765,,DR뮤직,,2001.0,,31
56,케이팝,5,남,101266,,미래,,2001.0,,695
57,디베이스,3 (5),남,100688,,H2,"송지훈, 제드",2001.0,,296
58,쥬얼리,3,여,101487,,스타제국,"김은정, 하주연, 김예원, 박세미",2001.0,사랑해,1572
59,투야,3,여,100786,,Astars,,2001.0,봐,410
60,알,4,여,100883,,매스컴,,2001.0,,38
61,보이스코,4,여,101262,,자이브레코드,,2001.0,,63
62,밀크,4,여,101444,,SM,박희본,2001.0,Come To Me,622
63,블랙 비트,5,남,101735,,SM,,2002.0,,268
64,보이스립,3,남,102453,,,,2002.0,,14
65,큐오큐,5,남,101758,,상마인드,정철,2002.0,,82
66,제이워크,2,남,102409,,,"장수원, 김재덕",2002.0,Suddenly,10071
67,악동 클럽 (디 에이디),5,남,262503,,GM,,2002.0,Remember,114
68,파이브,4,남,103326,,에이치앤제이,"장해영, 서지원, 우정태, 김현수",2002.0,Girl,882
69,슈가,4,여,101447,,스타월드,"아유미, 하린",2001.0,,571
70,신비,3,여,102370,,SM,,2002.0,To My Friend,172
71,스위티,3,여,101483,,YG,이은주,2002.0,,147
72,러브,3,여,102454,,싸이더스HQ,전혜빈,2002.0,Orange Girl,130
73,데자부,4,여,103492,,,,2002.0,Run,147
74,동방신기,2 (5),남,108316,,SM,"유노윤호 (U-KNOW), 최강창민 (MAX)",2004.0,Hug,37982
75,버즈,5,,160091,,산타뮤직,"민경훈, 손성희, 윤우현, 신준기, 김예준",2003.0,어쩌면...,52759
76,에스,3,남,107744,,SM,"신혜성, 강타 (KANGTA), 이지훈",2003.0,I Swear,3837
77,스맥스,3,남,107408,,시즌,,2003.0,,34
78,테이크,5,남,105789,,Blue,"장성재, 신승희",2003.0,,4407
79,모닝,4,여,105688,,,,2003.0,,183
80,제이엔씨,6,남,160801,,키스,"우연석, 오종혁, 김상혁, 장수원, 김재덕",2004.0,하루가 지나고,701
81,트랙스,2 (4),남,108965,,SM,"제이 (JAY), 정모 (JUNGMO)",2004.0,Paradox,1266
82,엘프,4,여,108892,,STN,,2004.0,,3
83,제이하트,3,여,674319,,MPLAN,,2004.0,,109
84,컬러링 베이비 7공주,7,여,108299,,예스플러스,,2004.0,러브송,792
85,슈퍼주니어,11 (13),남,175404,,SM,"신동 (SHINDONG), 예성 (YESUNG), 성민 (SUNGMIN), 규현 (KYUHYUN), 려욱 (RYEOWOOK), 강인 (KANGIN), 동해 (DONGHAE), 희철 (HEECHUL), 시원 (SIWON), 이특 (LEETEUK), 은혁 (EUNHYUK), 기범",2005.0,Twins (Knock Out),50552
86,파란,5,남,173323,,NH미디어,"라이언, 피오(P.O), 에이스",2005.0,첫사랑,1528
87,더블에스오공일,5,남,170541,,DSP미디어,"김현중, 김형준, 박정민, 허영생, 김규종",2005.0,경고,5432
88,키스 파이브,5,여,164035,,ADbell,,2005.0,,13
89,천상지희 더 그레이스,4,여,168015,,SM,"다나 (DANA), 선데이 (SUNDAY), 스테파니 (STEPHANIE), 린아 (LINA)",2005.0,Too Good,993
90,오렌지,3,여,175002,,오렌지,,2005.0,,15
91,배틀,6,남,209785,,굿,"진태화, 크리스, 리오, 류, 휘찬",2006.0,,302
92,빅뱅,5,남,198094,,YG,"태양, G-DRAGON, 대성, T.O.P, 승리",2006.0,We Belong Together,305165
93,씽,4,남,209489,,씽,,2006.0,In Your Hands,125
94,브라운 아이드 걸스,4,여,181694,내가네트워크,미스틱,"제아, 나르샤 (Brown Eyed Girls), 미료, 가인",2006.0,다가와서,16715
95,에이시아,4,여,184426,,예당,,2006.0,,22
96,초신성,6,남,229544,,마루,"성제 (초신성), 지혁 (초신성), 건일 (초신성), 윤학 (초신성), 성모 (초신성), 광수 (초신성)",2007.0,Hit,412
97,티맥스,3,남,227372,,플래닛구공오,"신민철, 김준, 주찬양 (티맥스)",2007.0,Blooming,438
98,타키온,3,남,224625,,J&H미디어,,2007.0,,31
99,에프티 아일랜드,5,남,226490,,FNC,"이홍기 (FT아일랜드), 이재진 (FT아일랜드), 최민환 (FT아일랜드), 최종훈 (FT아일랜드), 송승현 (FT아일랜드)",2007.0,사랑앓이,27336
100,카라,4,여,222128,,DSP미디어,"박규리 (카라), 한승연, 구하라 (카라), 허영지 (카라)",2007.0,Break It,14437
101,베이비 복스 리브,5,여,100032,,DR뮤직,"심은진, 간미연, 윤은혜",1997.0,머리 하는 날,1248
102,써니힐,4 (5),여 (혼),229494,,로엔,"주비, 승아, 미성, 코타",2007.0,통화 연결음,14283
103,원더걸스,4 (5),여,217764,,JYP,"유빈 (Yubin), 핫펠트 (예은), 선미, 혜림 (원더걸스)",2007.0,Irony (아이러니),34083
104,소녀시대,8 (9),여,228069,,SM,"태연 (TAEYEON), 써니 (SUNNY), 유리 (YURI), 수영 (SOOYOUNG), 티파니 (TIFFANY), 서현 (SEOHYUN), 윤아 (YOONA), 효연 (HYOYEON)",2007.0,다시 만난 세계 (Into The New World),105431
105,유키스,5 (10),남,259928,,NH미디어,"수현 (U-Kiss), 기섭 (U-Kiss), 일라이 (U-Kiss), 케빈 (U-Kiss), 훈 (U-Kiss), 준 (U-Kiss)",2008.0,어리지 않아,2246
106,스매쉬 (토니 & 스매쉬),5 (6),남,257968,,TN,"세계, 제리, 나루, 한방, 히로",2008.0,,106
107,에이스타일,6,남,243727,,DSP미디어,,2008.0,,164
108,샤이니,4 (5),남,247639,,SM,"종현 (JONGHYUN), 키 (KEY), 태민 (TAEMIN), 온유 (ONEW), 민호 (MINHO)",2008.0,누난 너무 예뻐,119353
109,투에이엠,4,남,253866,,JYP,"조권, 이창민, 슬옹, 진운",2008.0,이노래,9210
110,투피엠,6 (7),남,259822,,JYP,"닉쿤, 택연, 장우영, 준호, 찬성, 준케이 (JUN. K)",2008.0,10점 만점에 10점,21685
111,슈아이,5,남,431440,,예전미디어,"인석, 창현, 형준, 민호, 진석",,,61
112,엠블랙,3 (5),남,436980,,제이튠캠프,"지오 (G.O), 승호 (MBLAQ), 미르 (MBLAQ)",2009.0,Oh Yeah,12394
113,비스트,5 (6),남,436981,,큐브,"윤두준, 용준형, 양요섭, 이기광, 손동운, 장현승",2009.0,Bad Girl,151740
114,애프터 스쿨,4 (10),여,322666,,플레디스,"유이 (애프터스쿨), 정아 (애프터스쿨), 리지 (오렌지 캬라멜), 나나 (애프터스쿨), 레이나 (Raina), 이영 (애프터스쿨), 가은 (애프터스쿨)",2009.0,AH,4917
115,투애니원,4,여,406712,,YG,"산다라박, 박봄, CL",2009.0,Fire,51682
116,포미닛,5,여,417985,,큐브,"현아, 허가윤 (4minute), 전지윤 (JENYER), 남지현 (4minute), 권소현 (4minute)",2009.0,Hot Issue,17355
117,티아라,4 (6),여,412000,,MBK,"은정 (티아라), 효민 (티아라), 지연, 큐리 (티아라)",2009.0,좋은 사람 Ver.1,19138
118,에프엑스,4 (5),여,428501,,SM,"크리스탈 (KRYSTAL), 루나 (LUNA), 빅토리아 (VICTORIA), 엠버 (AMBER)",2009.0,라차타 (LA chA TA),66583
119,햄,3 (4),여,433421,,이연,"수진, 가현, 효니",2009.0,,213
120,시크릿,1 (4),여,435121,,TS,"송지은, 전효성, 정하나, 한선화",2009.0,I Want You Back,10626
121,레인보우,7,여,440320,,DSP미디어,"김재경, 현영 (레인보우), 고우리, 지숙, 노을, 오승아, 정윤혜",2009.0,Gossip Girl,7040
122,남녀공학,10,혼,13149,,코어콘텐츠미디어,"한빛효영, 한별혜원, 강행, 정우 (스피드), 우태운, 이노, 성민 (스피드), 찬미, 서은교, 종국 (스피드)",2010.0,Too Late (Part.1),419
123,씨엔블루,4,남,450801,,FNC,"정용화 (CNBLUE), 이종현 (CNBLUE), 강민혁 (CNBLUE), 이정신 (CNBLUE)",2010.0,외톨이야,25001
124,제국의 아이들,9,남,449941,,스타제국,"황광희, 문준영 (ZE:After), 임시완, Kevin, 김태헌, 정희철, 하민우, 박형식, 김동준",2010.0,Mazeltov,4178
125,제이와이제이,3,남,499453,,씨제스,"김재중, 박유천, XIA (준수)",2010.0,Empty,35231
126,대국남아,5,남,459644,,씽(오픈월드),"미카, 가람, 현민, 인준 (대국남아), Jay",2010.0,동경소년,753
127,인피니트,6 (7),남,476181,,울림,"김성규, 엘 (인피니트), 장동우 (인피니트), 남우현, 이성열 (인피니트), 이성종 (인피니트)",2010.0,다시 돌아와,123946
128,틴탑,5 (6),남,483581,,티오피미디어,"C.A.P, 니엘, 천지, 창조, Ricky",2010.0,박수 (Clap),19983
129,디엠티엔,6,남,494501,,아이에스엔터미디어그룹,"다니엘, 이나티, 지수, 동림, 사이먼",2010.0,Round 1,602
130,터치,4 (7),남,106246,,YYJ,"선웅, 성용, 재욱, 철민, 강현",2010.0,,104
131,지디 앤 탑,2,남,512321,,YG,"G-DRAGON, T.O.P",2010.0,뻑이가요,29332
132,씨스타,4,여,473181,,스타쉽,"효린, 소유 (SOYOU), 다솜 (씨스타), 보라 (씨스타)",2010.0,Push Push (푸시 푸시),75079
133,오렌지캬라멜,3,여,477632,,플레디스,"리지 (오렌지 캬라멜), 나나 (애프터스쿨), 레이나 (Raina)",2010.0,마법소녀 (魔法少女),12476
134,미쓰에이,2 (4),여,481481,,JYP,"수지 (SUZY), 민, 페이, 지아",2010.0,Bad Girl Good Girl,22207
135,걸스데이,4,여,482762,,드림티,"소진 (걸스데이), 민아 (걸스데이), 유라 (걸스데이), 혜리 (걸스데이)",2010.0,갸우뚱,59218
136,나인뮤지스,5 (9),여,465680,,스타제국,"손성아 (나인뮤지스), 경리 (나인뮤지스), 혜미 (나인뮤지스), 소진 (나인뮤지스), 금조 (나인뮤지스)",2010.0,No PlayBoy,15157
137,지피베이직,3 (6),여,492173,,티모,"제이니, 에미트, 트리니티, 자이온, 무이",2010.0,Game,214
138,브이엔티,3,여,505120,,미디어라인,"쏘이, 유미, iLLA",2010.0,,41
139,디헤븐,1 (3),여,509820,,Jang,"현아, 장현승",2011.0,,143
140,트러블 메이커,2,혼,591031,,큐브,"세용, 인수, 준Q, 채진, 건우",2011.0,Trouble Maker,8169
141,마이네임,5,남,576851,,에이치투미디어,"현성 (보이프렌드), 영민 (보이프렌드), 광민 (보이프렌드), 민우 (보이프렌드), 동현 (보이프렌드), 정민 (보이프렌드)",2011.0,메시지 (Message),2337
142,보이프렌드,6,남,541500,,스타쉽,"동해 (DONGHAE), 은혁 (EUNHYUK)",2011.0,Boyfriend (보이프렌드),7221
143,슈퍼 주니어-디앤이,2,남,838961,,SM,"진영, 바로, 신우, 공찬, 산들 (B1A4)",2011.0,"떴다 오빠 (Oppa, Oppa)",16522
144,비원에이포,5,남,535440,,WM,"지코 (ZICO), 박경 (블락비), P.O (블락비), 태일 (블락비), 재효 (블락비), 유권 (블락비), 비범 (블락비)",2011.0,O.K,53128
145,블락비,7,남,532201,,세븐시즌스,"제이하트 (J.Heart), 최별, 봉준, 시후, 민기, 시온",2011.0,그대로 멈춰라!,127454
146,엔소닉,6,남,570311,,C2K,"직 재스퍼 (Zick Jasper), 심스 ($IM$), 강남",2011.0,Super Boy,232
147,엠아이비,4,남,575911,,정글,"수빈, 세리 (달샤벳), 아영 (달샤벳), 우희 (달샤벳)",2011.0,G.D.M,2669
148,달샤벳,4 (6),여,514619,,해피페이스,"한별혜원, 한빛효영, 서은교, 한나연, 승희, 오연경 (더 씨야)",2011.0,Supa Dupa Diva,6022
149,파이브돌스,5,여,520160,,MBK,"세미, 보름, 수이, 아지, 샤인",2011.0,입술자국,723
150,치치,5 (7),여,527980,,예당,"유민, 지은, 따보, 지유, 혜미, Alexandra, 이나",2011.0,,210
151,BP 라니아,7,여,532321,,DR뮤직,"민영 (Brave Girls), 유정, 은지, 유나, 하윤",2011.0,DR Feel Good (Korean Ver.),1255
152,브레이브걸스,7 (5),여,531700,,브레이브,"정은지, 손나은 (에이핑크), 박초롱 (에이핑크), 오하영 (에이핑크), 김남주 (에이핑크), 윤보미 (에이핑크)",2011.0,아나요,2801
153,에이핑크,6 (7),여,534360,,플랜에이,"보라 (씨스타), 효린",2011.0,몰라요,138929
154,씨스타19,2,여,537569,,스타쉽,"다나 (DANA), 선데이 (SUNDAY)",2011.0,Ma Boy (마보이),4781
155,천상지희 다나 & 선데이,2,여,552082,,SM,"가희, 정아 (애프터스쿨), 유이 (애프터스쿨), 나나 (애프터스쿨)",2011.0,나 좀 봐줘 (One More Chance),237
156,애프터스쿨 레드,2,여,554180,,플레디스,"가희, 정아 (애프터스쿨), 유이 (애프터스쿨), 나나 (애프터스쿨)",2011.0,밤 하늘에,378
157,애프터스쿨 블루,3,여,554181,,플레디스,"예은, 다영, 가빈, 티나, 기루",2011.0,원더보이 (Wonder Boy),573
158,블레이디,5 (4),여,540363,,스타플레닛,"가영, 전율, 효은, 민희, 소영",2011.0,,2227
159,스텔라,4,여,559971,,,"케미 (씨리얼), 레디 (씨리얼), 에피 (씨리얼), 앤제이 (씨리얼), 레니 (씨리얼)",2011.0,로켓걸 (Rocket Girl) (Feat. Eric),5570
160,씨리얼,5,여,569973,,NAP,"방용국, 젤로, 힘찬, 대현 (B.A.P), 영재 (B.A.P), 종업 (B.A.P)",2012.0,No No No No No,220
161,비에이피,6,남,623451,,TS,"JR (뉴이스트), Aron (뉴이스트), 백호 (뉴이스트), 황민현, 렌 (뉴이스트)",2012.0,WARRIOR,27989
162,뉴이스트,5,남,640891,,플레디스,"서은광, 이민혁, 이창섭, 임현식, 프니엘, 정일훈, 육성재",2012.0,FACE,89984
163,비투비,7,남,647971,,큐브,"카이 (KAI), 첸 (CHEN), 세훈 (SEHUN), 레이 (LAY), 시우민 (XIUMIN), 백현 (BAEKHYUN), 디오 (D.O.), 수호 (SUHO), 찬열 (CHANYEOL), 크리스 (KRIS), 루한 (LUHAN), 타오 (TAO)",2013.0,비밀 (Insane),176461
164,엑소,9 (12),남,724619,,SM,"JB (GOT7), 진영 (GOT7)",2012.0,늑대와 미녀 (Wolf),529951
165,JJ 프로젝트,2,남,672041,,JYP,"엔 (VIXX), 레오 (빅스), 라비 (빅스), 켄 (빅스), 홍빈 (빅스), 혁 (빅스)",2012.0,Bounce,24260
166,빅스,6,남,672560,,젤리피쉬,"형곤, 재형, 효준, 윤영, 성민, 승엽, 승진",2012.0,SUPER HERO,75974
167,에이젝스,5 (8),남,672551,,DSP미디어,"신, 타쿠야, 용석, 상민, 세영",2012.0,ONE 4 U,446
168,크로스진,6,남,674297,,아뮤즈코리아,"필독 (BIGSTAR), 바람, 래환 (BIGSTAR), 주드 (BIGSTAR), 성학 (BIGSTAR)",2012.0,La-Di Da-Di (라-디 다-디),2927
169,빅스타,5,남,684868,,브레이브,"Rome, 시우, Ray, 강준, T.K, 마루",2012.0,HOT BOY (핫보이),1208
170,씨클라운,6,남,685624,,바나나컬쳐,"코리, 정욱, 진홍, 홍섭, 창선, 기용",2012.0,SOLO,4351
171,투포케이,7,남,696519,,조은,"혁진, 록현, 찬용, 민우, 종환",2012.0,빨리와,1120
172,백퍼센트,5 (7),남,697486,,티오피미디어,"진, 창재, 태이, 도연, 상현, 재민",2012.0,나쁜놈,2701
173,미스터미스터,5,남,698830,,로엔,"LE (EXID), 정화 (EXID), 혜린 (EXID), 솔지 (EXID), 하니 (EXID)",2012.0,,436
174,이엑스아이디,5 (6),여,630454,,바나나컬쳐,"양지원 (스피카), 김보아 (스피카), 박시현 (스피카), 박나래 (스피카), 김보형",2012.0,WHOZ THAT GIRL,59623
175,스피카,5,여,615471,,CJE&M,"현영 (레인보우), 오승아, 지숙",2012.0,독하게,5897
176,레인보우 픽시,3,여,614911,,DSP미디어,"태연 (TAEYEON), 티파니 (TIFFANY), 서현 (SEOHYUN)",2012.0,호이 호이 (Hoi Hoi),586
177,소녀시대-태티서,3,여,663691,,SM,"앨리스 (헬로비너스), 나라 (헬로비너스), 라임 (헬로비너스), 유영 (헬로비너스), 여름 (헬로비너스), 서영 (헬로비너스)",2012.0,Twinkle,39279
178,헬로비너스,6,여,668491,,판타지오,"황지현, 최수은, 이해인, 김혜지, 소민, 조은별, 에스더",2012.0,Venus,6212
179,갱키즈,7,여,672106,,MBK,"선경, 정윤, 희라, 다솜, 다영",2012.0,HONEY HONEY,94
180,써니데이즈,5,여,672919,,하은,"이미소, 박지연, 다희, ZINNI",2012.0,가져가 (Take Away),379
181,글램,4,여,685319,쏘스뮤직,빅히트,"설현 (AOA), 혜정 (AOA), 찬미 (AOA), 유나 (AOA), 민아 (AOA), 지민 (AOA)",2012.0,,423
182,에이오에이,6 (8),여,686920,,FNC,"엘린, 소율, 금미 (크레용팝), 초아 (크레용팝), 웨이 (크레용팝)",2012.0,ELVIS,57240
183,크레용팝,4 (5),여,685904,,크롬,"R.A.M, Z.I.N (디유닛), Ujin",2012.0,Saturday Night,6501
184,디유닛,3,여,683453,,디비즈니스,"Say, J-DA, 쥬시 (JUCY), Hayana (하야나), YULL",2012.0,I`m Missin` You,561
185,이블,5,여,686378,,후너스,"지유 (JIU), 은 (EUN), 수린 (SURIN), 은영 (EUN YOUNG)",2012.0,,384
186,투엑스,4 (5),여,690511,제이튠캠프,스타게이즈(,"페린, 타샤, 제니, 주아, 하나",2012.0,Double Up,476
187,스카프,5,여,687891,,알파,"도희, 제이민, 민트",2012.0,,108
188,타이니지,3 (4),여,671571,,지앤지프로덕션,"재이, 린지, 예지, 옐 (YEL), 차오루",2012.0,Polaris,875
189,피에스타,5 (6),여,686679,,로엔,"손하나, 리브, 크리스틴, 난아, 이새, 류린",2012.0,Vista,7942
190,비비드걸,6,여,697811,,빅스타,"아리, 미소, 지수, 민재, 제리",2012.0,,63
191,타히티,5 (6),여,685746,,드림스타,"박성희, 정아영, 신아름, 쇼킹, 설린",2012.0,Tonight,1600
192,비비드,3 (6),여,651431,,엔트리,"HOYA (호야), 장동우 (인피니트)",2013.0,,101
193,인피니트 에이치,2,남,715422,,울림,"임시완, 김동준, 박형식, Kevin, 하민우",2013.0,Special Girl (Feat. Bumkey),37783
194,제아 파이브,5,남,719888,,스타제국,"송경일, 나도균, 김시형, 김재호, 장이정 (JANGYIJEONG)",2013.0,헤어지던 날,915
195,히스토리,5,남,721703,,로엔,"제이효, 라사, 킹, 아오, 준, 이든",2013.0,Dreamer (Narr. 아이유),2956
196,엘씨나인,5 (6),남,723216,,내가네트워크,"제이효, 라사, 킹, 아오, 준, 이든",2013.0,MaMa Beat (Feat. 가인),123
197,핫젝갓알지,5,남,722812,,,"RM, SUGA, 진, j-hope, 지민, V, 정국",2013.0,할 수 있어,1850
198,방탄소년단,7,남,672375,,빅히트,"성민 (스피드), 종국 (스피드), 정우 (스피드), KIDZ (키즈), 유환 (스피드), 태하 (스피드), KI-O",2013.0,No More Dream,518210
199,스피드,8,남,714785,,MBK,"선우, 민수, 성준, 수웅, 원준 (소년공화국)",2013.0,IT`S OVER (Feat. 박보영),1463
200,소년공화국,5,남,724751,,유니버설뮤직해피트라이브,"J.K, KOM, NIO, Q",2013.0,전화해 집에 (Party Rock),1475
201,엔오엠,3 (5),남,730335,,제이엠스타,"J.K, KOM, NIO, Q",2013.0,,20
202,프로씨,2,남,745722,,지앤아이,"전지윤 (JENYER), 허가윤 (4minute)",2013.0,,541
203,투윤,2,여,715898,,큐브,"솔지 (EXID), 하니 (EXID)",2013.0,24/7,1045
204,다소니,2,여,717917,,바나나컬쳐,"소정 (레이디스 코드), 애슐리, 주니",2013.0,Good Bye,3958
205,레이디스 코드,3 (5),여,718807,,일광폴라리스,"혜연, 유지, 다혜, 해령",2013.0,나쁜여자,30033
206,베스티,4,여,727818,,YNB,"나리, 수진, 우주, 지애",2013.0,두근두근,5454
207,와썹,7,여,729885,,마피아레코드,보혜,2013.0,Wa$$up,1165
208,키스&크라이,4,여,741841,,위닝인사이트엠,"메이, 미림, 미니, 제이미, 상미",2013.0,,276
209,틴트,5,여,742722,,GH,"미료, 나르샤 (Brown Eyed Girls)",2013.0,첫눈에 반했어,479
210,엠앤엔,2,여,744134,,미스틱,"빨강 (Red), 파랑 (Blue), 노랑 (Yellow)",2013.0,,767
211,풍뎅이,3,여,747339,,DoMA,"선혁, 영조, 정하, 윤후, 성호",2014.0,알탕,607
212,비트윈,2 (6),남,749361,,골드문뮤직에렌,"홍규, 영균, 밀리 (MILLY), 아토 (ATO), 범 (BomB)",2014.0,갖고싶니 (She`s My Girl),561
213,비에이,5,남,749603,,크롬,"JB (GOT7), 진영 (GOT7), 마크 (GOT7), 잭슨 (GOT7), 영재 (GOT7), 뱀뱀 (GOT7), 유겸 (GOT7)",2014.0,뭣 모르고,760
214,갓세븐,7,남,751059,,JYP,"남우현, 키 (KEY)",2014.0,Girls Girls Girls,75684
215,투하트,2,남,760193,울림,SM,"산청, 심바, 에디, 이코, 프린스맥, 율, 지카",2014.0,Delicious,23191
216,제이제이씨씨,7 (5),남,762950,,더잭키찬그룹코리아,"레노, 백명한, 임영준 (하이포), 알렉스 (하이포)",2014.0,첨엔 다 그래,732
217,하이포,4,남,767374,,NAP,"HIGHTOP, 론, 의진, 성민, 렉스",2014.0,봄 사랑 벚꽃 말고,2864
218,빅플로,6,남,775702,,에이치오컴퍼니,"윤동 (YOON DONG), 희천 (HEE CHEON), 재용 (JAE YONG), 인행 (IN HAENG), 디노 (DINO), 오운 (OOON)",2014.0,딜라일라 (Delilah),712
219,헤일로,6,남,775874,,아인홀딩스,"해원, 초이, 경진, 진완, 동현",2014.0,체온이 뜨거워,2312
220,엘에이유,3 (5),남,1383117,,팬,"벤지 (비아이지), 건민, 희도, 제이훈, 국민표",2014.0,,108
221,비아이지,5,남,777394,,GH,"강승윤, 이승훈, MINO, 김진우",2014.0,안녕하세요,1069
222,위너,4 (5),남,775197,,YG,"승연 (Luizy), 성주 of Uniq, 이보, 문한, 조이쉔",2014.0,공허해,184269
223,유니크,5,남,786696,,위에화,"호 (H.O), 허준 (HEOJUN), 버피 (BUFFY), 조타 (JOTA), 이건 (매드타운), 무스 (MOOS), 대원 (DAEWON)",2014.0,Falling In Love,1207
224,매드타운,7,남,786412,,지앤아이,"준혁, 티모테오, 노태현, 하성운, 윤산, 호정",2014.0,,4501
225,핫샷,6,남,787976,,케이오사운드/아더앤에이블/스타크루이엔티,"G-DRAGON, 태양",2014.0,Take A Shot,6422
226,지디 앤 태양,2,남,790881,,YG,"엘 (인피니트), 이성열 (인피니트), 이성종 (인피니트)",2014.0,,29603
227,인피니트F,3,남,789608,,울림,"백세희, 강민주, 신이랑, 고은실, 권소정, 유화, 한빛나",2014.0,가슴이 뛴다,26199
228,칠학년일반,7,여,753271,,다른별,"나영, 예슬",2014.0,오빠 바이러스,1035
229,윙스,2,여,760801,,소니뮤직,"웬디 (WENDY), 아이린 (IRENE), 슬기 (SEULGI), 조이 (JOY), 예리 (YERI)",2014.0,Hair Short (헤어숏),417
230,레드벨벳,5 (4),여,780066,,SM,"웬디 (WENDY), 아이린 (IRENE), 슬기 (SEULGI), 조이 (JOY), 예리 (YERI)",2014.0,행복 (Happiness),224402
231,스피카.S,4,여,785143,B2M,CJE&M,"김재경, 현영 (레인보우), 오승아, 고우리",2014.0,남주긴 아까워?,810
232,레인보우 블랙,4,여,750398,,DSP미디어,"태하, 고운, 서율, 다예, 세형, 조현",2014.0,Cha Cha,1018
233,베리굿,5,여,773603,,아시아브릿지,"다혜, 단비, 지나, 유정",2014.0,,2509
234,단발머리,4,여,774914,,크롬,"솔라 (마마무), 문별 (마마무), 휘인 (마마무), 화사 (마마무)",2014.0,No Way,716
235,마마무,4,여,750053,,RBW,"케미 (Kemy), 민주, 지영, 태희, 다야",2014.0,Mr.애매모호,190765
236,에이코어,5,여,778135,,두리퍼블릭,"솔빈 (LABOUM), 소연 (LABOUM), ZN (LABOUM), 해인 (LABOUM), 유정 (LABOUM)",2014.0,Payday,417
237,라붐,5 (6),여,783462,내가네트워크,NH미디어,"지유, 한동, 시연, 가현, 수아, 유현, 다미",2014.0,두근두근,9319
238,드림캐쳐,7 (5),여,1284664,,해피페이스,"초아 (크레용팝), 웨이 (크레용팝)",2014.0,,8266
239,딸기우유,2,여,787080,,크롬,"유지애, 베이비소울 (러블리즈), JIN, Kei (러블리즈), 정예인, 이미주, 서지수, 류수정 (러블리즈)",2014.0,,1317
240,러블리즈,8,여,789331,,울림,"세진, 은솜, 아미, 린아, 로은",2014.0,Candy Jelly Love,47006
241,워너비,5 (6),여,790377,,제니스미디어콘텐츠,"NEW SUN(뉴썬), High.D (하이디), 의진, D.ana(디애나), 나현, 민재, 수민",2014.0,My Type,711
242,소나무,7,여,792822,,TS,"P.O (블락비), 유권 (블락비), 비범 (블락비)",2015.0,Deja Vu,5647
243,블락비 바스타즈,3,남,858846,,세븐시즌스,"강민, 마일로, 민성, 승환, 윤성, 카일, 현경",2015.0,,30946
244,로미오,7,남,860516,,CT,"주헌 (몬스타엑스), 셔누 (몬스타엑스), 기현 (몬스타엑스), 형원 (몬스타엑스), 민혁 (몬스타엑스), 원호 (몬스타엑스), I.M (몬스타엑스)",2015.0,,1534
245,몬스타엑스,7,남,791216,,스타쉽,"이승협 (J.DON), 권광진, 차훈, 김재현, 유회승 (N.Flying)",2015.0,,43707
246,엔플라잉,5 (4),남,861430,,FNC,"S.COUPS (SEVENTEEN), 정한 (SEVENTEEN), 조슈아 (SEVENTEEN), 준 (SEVENTEEN), 호시 (SEVENTEEN), 원우 (SEVENTEEN), 도겸 (SEVENTEEN), 민규 (SEVENTEEN), 디에잇 (SEVENTEEN), 승관 (SEVENTEEN), Vernon (SEVENTEEN), 디노 (SEVENTEEN), WOOZI (SEVENTEEN)",2015.0,기가 막혀 (Awesome),4416
247,세븐틴,13,남,861436,,플레디스,"B.I, 김진환, BOBBY, 송윤형, 구준회, 김동혁, 정찬우",2015.0,아낀다,138704
248,아이콘,7,남,895741,,YG,"성진, Jae, Young K, 원필, 도운",2015.0,,119885
249,데이식스,5 (6),남,894864,,JYP,"진후, 쿤, 고결, 웨이, 비토, 우신, 선율, 규진, 환희 (업텐션), 샤오",2015.0,,49251
250,업텐션,10,남,894825,,티오피미디어,"에이스 (ACE), 바론 (VAV), 제이콥 (Jacob), 세인트반 (St.Van), 로우, 에이노, 지우",2015.0,"위험해 (SO, DANGEROUS)",5392
251,브이에이브이,7,남,906245,,에이팀,"민혁, 제이준, 썬, 제이빈, 싸인",2015.0,Under The Moonlight (달빛 아래서),3409
252,맵식스,5,남,913347,,드림티,"상일, 상호, 세빈, 수현, 우성, 태웅",2015.0,Storm,776
253,스누퍼,6,남,856374,,위드메이,"소원 (여자친구), 예린 (여자친구), 은하 (여자친구), 유주 (여자친구), 신비 (여자친구), 엄지 (여자친구)",2015.0,쉘 위 댄스 (Shall We Dance),1499
254,여자친구,6,여,828478,,쏘스뮤직,"최초아, 킴",2015.0,유리구슬 (Glass Bead),110556
255,러버소울,3,여,837535,,해피트라이브위드에이치씨,"장예은, 손, 오승희, 장승연, 최유진, 권은빈, 엘키",2015.0,Life (Feat. 매드클라운),928
256,씨엘씨,7 (5),여,839579,,큐브,"산하, 휘린, 아인 (써스포)",2015.0,Pepe,8095
257,써스포,3,여,856706,,TK,"효정 (오마이걸), 미미 (오마이걸), 유아 (오마이걸), 승희 (오마이걸), 지호 (오마이걸), 비니 (오마이걸), 아린 (오마이걸)",2015.0,,368
258,오마이걸,7 (8),여,857994,,WM,"여은 (멜로디데이), 예인 (멜로디데이), 차희 (멜로디데이), 유민 (멜로디데이)",2014.0,CUPID,44172
259,멜로디데이,4 (3),여,693951,,로엔뷰가,"윤채경 (에이프릴), 김채원 (에이프릴), 이나은 (에이프릴), 양예나 (에이프릴), 레이첼 (에이프릴), 이진솔 (에이프릴)",2015.0,어떤 안녕,7352
260,에이프릴,6,여,882818,,DSP미디어,"예빈 (다이아), 유니스, 제니, 정채연, 기희현, 은채, 주은, 솜이 (다이아)",2015.0,꿈사탕,12235
261,다이아,9 (7),여,890286,,MBK,"나연, 정연, 모모, 사나, 지효, 미나, 다현, 채영, 쯔위",2015.0,,14938
262,트와이스,9,여,905701,,JYP,"BM, J.seph, 전소민, 전지우",2016.0,OOH-AHH하게,179443
263,카드,4,혼,1271812,,DSP미디어,"차은우 (ASTRO), 문빈 (ASTRO), MJ (ASTRO), 진진 (ASTRO), 라키 (ASTRO), 윤산하 (ASTRO)",2016.0,Oh NaNa (Hidden. 허영지),15276
264,아스트로,6,남,945766,,판타지오,"웅재 (임팩트), 이상 (임팩트), 태호 (임팩트), 지안 (임팩트), 제업 (임팩트)",2016.0,,24338
265,임팩트,5,남,944329,,스타제국,"후이 (펜타곤), 진호 (펜타곤), 홍석, 이던, 신원, 여원, 옌안, 유토, 키노, 우석 (펜타곤)",2016.0,롤리팝 (Lollipop),1263
266,펜타곤,10,남,1201990,,큐브,"영빈, 인성, 재윤 (SF9), 다원, 로운, 주호, 태양, 휘영, 찬희",2016.0,Gorilla,15047
267,에스에프나인,9,남,1183574,,FNC,"김유진, 박승준, 정인성, 오희준, 김지훈",2016.0,팡파레 (Fanfare),7234
268,크나큰,5,남,946943,,YNB,"도영 (DOYOUNG), 재현 (JAEHYUN), 마크 (MARK), 태일 (TAEIL), 태용 (TAEYONG), 텐 (TEN), 윈윈 (WINWIN), 유타 (YUTA), 천러 (CHENLE), 해찬 (HAECHAN), 재민 (JAEMIN), 제노 (JENO), 지성 (JISUNG), 런쥔 (RENJUN), 쟈니 (JOHNNY), 정우 (JUNGWOO), 쿤 (KUN), 루카스 (LUCAS)",2016.0,KNOCK,3154
269,엔시티,18 (15),남,1866861,,SM,"김형준, 허영생, 김규종",2016.0,,17744
270,더블에스 삼공일,3,남,944939,,CIENT,"MINO, BOBBY",2016.0,,3560
271,맙,2,남,1166886,,YG,"첸 (CHEN), 백현 (BAEKHYUN), 시우민 (XIUMIN)",2016.0,빨리 전화해 (Feat. KUSH),13578
272,첸백시,3,남,1228017,,SM,"강산, 고지형, 성현, 용현, 김진섭, 김홍인, 도하, 박용권, 신재민, 아이젝, 진석, 영두, 이로운, 이우진, 이인표, 이창민, 이해준, 이화영, 정민환, 연태, 진성호, 채호철, 최성환, 최재현, 최찬이, 탁진규, 현욱, 인호",2016.0,Hey Mama!,142129
273,소년24,28,남,981468,,CJE&M라이브웍스컴퍼니,"서은광, 이창섭, 임현식, 육성재",2016.0,,1333
274,비투비-블루,4,남,1182662,,큐브,"정수빈 (VICTON), 최병찬 (VICTON), 도한세 (VICTON), 임세준 (VICTON), 허찬 (VICTON), 강승식 (VICTON), 한승우 (VICTON)",2016.0,,37409
275,빅톤,7,남,1066850,,플랜에이,"코코, 소리",2016.0,,5685
276,코코소리,2,여,927426,,소니뮤직,"설아 (우주소녀), 엑시, 보나, 성소, 은서, 다영, 다원 (우주소녀), 수빈 (우주소녀), 선의, 여름, 미기, 루다, 유연정 (우주소녀)",2016.0,다크서클,675
277,우주소녀,13 (12),여,943959,위에화,스타쉽,"유나 (AOA), 혜정 (AOA), 찬미 (AOA)",2016.0,MoMoMo (모모모),19535
278,에이오에이 크림,3,여,945586,,FNC,"단아, 새별, 세미, 해나 (마틸다 (MATILDA))",2016.0,,4471
279,마틸다,4,여,958257,,박스미디어,"나영, 미나, 세정 (구구단), 미미, 샐리, 소이, 하나 (구구단), 해빈 (구구단), 혜연",2016.0,Macarena,781
280,구구단,9,여,982876,,젤리피쉬,"지수, 제니, 로제, 리사",2016.0,Wonderland,24318
281,블랙핑크,4,여,995169,,YG,"정채연, 소미, 세정 (구구단), 최유정 (Weki Meki), 청하, 김소혜, 결경, 김도연 (Weki Meki), 미나, 나영, 유연정 (우주소녀)",2016.0,,115037
282,아이오아이,11,여,960251,,YMC,"정채연, 소미, 세정 (구구단), 최유정 (Weki Meki), 청하, 김소혜, 결경, 김도연 (Weki Meki), 미나, 나영, 유연정 (우주소녀)",2016.0,,81768
283,언니쓰,7 (6),여,990909,,한국방송공사,"김소희, 이수민, 윤채경 (에이프릴)",2016.0,,13075
284,씨아이브이에이,3,여,991420,,,"이수현, 김소희, 윤채경 (에이프릴), 이해인, 한혜리",2016.0,,4318
285,아이비아이,5,여,993794,,로엔,"이예은, 지슬, 테라모토 유키카, 소리, 이지원, 수지, 권하서, 허영주 (더 씨야), 민트, 천재인",2016.0,,12738
286,리얼걸프로젝트,10,여,1066385,,인터렉티브미디어믹스,"경리 (나인뮤지스), 혜미 (나인뮤지스), 소진 (나인뮤지스), 금조 (나인뮤지스)",2016.0,꿈을 Dream,657
287,나인뮤지스 A,4,여,994205,,스타제국,"나윤, 혜빈, 주이, 낸시, 제인, 아인 (모모랜드), 연우, 태하 (모모랜드), 데이지",2016.0,,2357
288,모모랜드,9 (7),여,1221596,,MLD,"윤두준, 용준형, 양요섭, 이기광, 손동운",2017.0,짠쿵쾅,13176
289,하이라이트,5,남,1624993,,어라운드어스,"서동성, 김철민, 김환, 오승석",2017.0,,75799
290,허니스트,4,남,1704395,,FNC,"준, 동훈, 와우, 김병관, 찬",2017.0,,1671
291,에이스,5,남,1705318,,비트인터렉티브,"시메 (Sime), 코키 (Koki), 프랭키 (Frankie), 헌터 (Hunter)",2017.0,선인장 (CACTUS),2113
292,이엑스피에디션,4,남,1701924,,아임어비비,"강다니엘, 박지훈, 이대휘, 김재환, 옹성우, 박우진, 라이관린, 윤지성, 황민현, 배진영, 하성운",2017.0,FEEL LIKE THIS,692
293,워너원,11,남,1865973,,YMC,"JR (뉴이스트), Aron (뉴이스트), 백호 (뉴이스트), 렌 (뉴이스트)",2017.0,,230428
294,뉴이스트 W,4,남,1816966,,플레디스,"송유빈 (마이틴), 김국헌 (마이틴), 신준섭, 은수, 이태빈, 천진, 한슬",2017.0,,72093
295,마이틴,7,남,1815140,,뮤직웍스,"효진, 제이어스, 이션, 라운, 유, MK, 와이엇",2017.0,어마어마하게,842
296,온앤오프,7,남,1865635,,WM,"이대열, Y, 장준, TAG, 승민, 재현, 지범, 동현, 주찬, 보민",2017.0,ON/OFF,4316
297,골든차일드,10 (11),남,1907513,,울림,"지후 (아이즈), 우수, 현준, 준영",2017.0,,6568
298,아이즈,4,남,1705423,,뮤직케이,"강민, 시우, 우엽, 지성, 지훈, 태선, 하영, 학민, 현우, 호현",2017.0,다해,1694
299,티알씨엔지,10,남,1957236,,TS,"김성리, 변현민, 서성혁, 이기원 (레인즈), 장대현, 주원탁 (JOO WON TAK), 홍은기 (레인즈)",2017.0,,989
300,레인즈,7,남,1908321,,프로,"노태현, 켄타, 김상균, 김용국, 권현빈, 김동한",2017.0,,2463
301,제이비제이,6,남,1910321,,페이브,"도까, 케이빈, 호찬, 노아, 데이, 연우, 대웅",2017.0,Fantasy,31449
302,바이칼,7,남,1956279,,바이칼,"성현, 아이젝, 연태, 이인표, 인호, 지안, 현욱",2017.0,,155
303,인투잇,8,남,2005441,,MMO,"선우 (THE BOYZ), 주학년 (THE BOYZ), 현재 (THE BOYZ), 영훈 (THE BOYZ), 활 (THE BOYZ), 케빈 (THE BOYZ), 상연 (THE BOYZ), 주연 (THE BOYZ), 뉴 (THE BOYZ), 큐 (THE BOYZ), 제이콥 (THE BOYZ), 에릭 (THE BOYZ)",2017.0,,831
304,더보이즈,12,남,1816126,,크래커,"문희, 하윤, 가온, 공유, 다윤, 채현",2017.0,,9081
305,보너스베이비,6,여,1285468,,마루기획,"예빈 (다이아), 정채연, 기희현, 유니스",2016.0,우리끼리,516
306,빈챈현스S,5 (4),여,1285252,,MBK,"제니, 은진, 은채",2016.0,너는 달 지구,1077
307,루비,3 (4),여,1285529,,MBK,"루이 (RUI), 효선, 예인, 서령, 체희",2016.0,13월 32일,860
308,에이치유비,4,여,1238995,,뉴플래닛엔터태인먼트,"희진 (이달의 소녀), 현진 (이달의 소녀), 하슬 (이달의 소녀), 비비 (이달의 소녀)",2017.0,,326
309,이달의 소녀 1/3,5,여,1625207,,블록베리크리에이티브,"은별, 서린, 한비, 미래, 위니, 엘라, 리아",2017.0,"지금, 좋아해 (Love & Live)",3080
310,립버블,4 (7),여,1626826,,제니스미디어콘텐츠,"유하, 레나, 로아, 예하나, 시연, 성연, 나영, 은우, 결경, 카일라",2017.0,팝콘 (POPCORN),335
311,프리스틴,10,여,958953,,플레디스,"나엘, 소금, 아라, 별아, 체리, 해솔, 혜진",2017.0,,13701
312,비사이드,5,여,758257,,인터렉티브미디어믹스,"소희, 가린, 유경, 혜성, 벨라",2017.0,,4
313,힌트,7,여,1627831,,스타프로,"슬기 (SEULGI), 문별 (마마무), 유아 (오마이걸), 류수정 (러블리즈), D.ana(디애나), 소미, 김소희",2017.0,,192
314,엘리스,5,여,1704756,,후너스,서진,2017.0,우리 처음,2498
315,옆집소녀,7,여,1759536,,한국방송공사,"샌디, 유림, 유지, 하은, 현민",2017.0,,3627
316,지지배,4,여,1759736,,NWSTUDIOS,"최유정 (Weki Meki), 김도연 (Weki Meki), 지수연 (Weki Meki), 엘리 (Weki Meki), 세이 (Weki Meki), Lua (Weki Meki), 리나 (Weki Meki), 루시 (Weki Meki)",2017.0,다 너 때문이야,87
317,애플비,5,여,1865569,,GH,"미나, 혜연",2017.0,우쭈쭈,205
318,위키미키,8,여,1816806,,판타지오,"지해, 달, 민지, 가을, 앤, 세빈",2017.0,,7421
319,구구단 오구오구,2,여,1867147,,젤리피쉬,"희진 (GOOD DAY), 지니, 체리, 채솔, 하은, 비바, 나윤, 지원, 보민, 럭키",2017.0,ICE CHU,1541
320,에스아이에스,6,여,1868086,,더블엑스,"김립 (이달의 소녀), 진솔 (이달의 소녀), 최리 (이달의 소녀)",2017.0,느낌이 와,431
321,굿데이,10,여,1907765,,C9,"준 (U-Kiss), 의진, 호정, 필독 (BIGSTAR), 마르코, 지한솔, 대원 (DAEWON), 기중, 찬",2018.0,Rolly,603
322,이달의 소녀 오드아이써클,3,여,1910699,,블록베리크리에이티브,"노지선, 송하영, 이새롬, 이채영, 이나경, 박지원, 이서연, 백지헌, 장규리",2018.0,,3077
323,유앤비,9,남,2111640,,MBK,"효정 (오마이걸), 비니 (오마이걸), 아린 (오마이걸)",2018.0,감각,3063
324,프로미스나인,9,여,2019210,,스톤뮤직,"소연, 미연, 수진, 우기, 슈화, 민니",2018.0,,5108
325,오마이걸 반하나,3,여,2112888,,WM,"의진, 예빈 (다이아), 앤씨아, 윤조, 이현주, 양지원 (스피카), 우희 (달샤벳), ZN (LABOUM), 수지",2018.0,,3392
326,(여자)아이들,6,여,2137482,,큐브,"나영, 결경, 로아, 은우, 레나",2018.0,,16884
327,유니티,9,여,2111639,,MBK,"방찬 (3RACHA), 우진, 리노, 창빈 (3RACHA), 현진, 한 (3RACHA), 필릭스, 승민, 아이엔",2017.0,,1691
328,프리스틴 V,5,여,2139823,,플레디스,"세정 (구구단), 미나, 나영",2018.0,,1944
329,스트레이 키즈,9,남,2006344,,JYP,"방찬 (3RACHA), 우진, 리노, 창빈 (3RACHA), 현진, 한 (3RACHA), 필릭스, 승민, 아이엔",2017.0,,7549
330,구구단 세미나,3,여,2203723,,젤리피쉬,"세정 (구구단), 미나, 나영",,,1634
331,소녀시대 오지지,5,여,2296946,,SM,"태연 (TAEYEON), 써니 (SUNNY), 유리 (YURI), 효연 (HYOYEON), 윤아 (YOONA)",,,5795
